<?xml version="1.0" encoding="UTF-8"?>
<project version="4">
  <component name="ChangeListManager">
    <list default="true" id="b209657c-0ded-430c-ad8b-9f805a4c617a" name="Changes" comment="" />
    <option name="SHOW_DIALOG" value="false" />
    <option name="HIGHLIGHT_CONFLICTS" value="true" />
    <option name="HIGHLIGHT_NON_ACTIVE_CHANGELIST" value="false" />
    <option name="LAST_RESOLUTION" value="IGNORE" />
  </component>
  <component name="FileTemplateManagerImpl">
    <option name="RECENT_TEMPLATES">
      <list>
        <option value="Class" />
      </list>
    </option>
  </component>
  <component name="MarkdownSettingsMigration">
    <option name="stateVersion" value="1" />
  </component>
  <component name="ProjectId" id="2HKBnkgtEiIEcuK3xPeZXBfrH6l" />
  <component name="ProjectViewState">
    <option name="hideEmptyMiddlePackages" value="true" />
    <option name="showLibraryContents" value="true" />
  </component>
  <component name="PropertiesComponent"><![CDATA[{
  "keyToString": {
    "Downloaded.Files.Path.Enabled": "false",
    "Repository.Attach.Annotations": "false",
    "Repository.Attach.JavaDocs": "false",
    "Repository.Attach.Sources": "false",
    "RunOnceActivity.OpenProjectViewOnStart": "true",
    "RunOnceActivity.ShowReadmeOnStart": "true",
    "codeWithMe.voiceChat.enabledByDefault": "false",
    "last_opened_file_path": "C:/Users/alexl/OneDrive/Documents/WPI/CS 2102",
    "settings.editor.selected.configurable": "CodeWithMe"
  }
}]]></component>
  <component name="RunManager" selected="Application.CompileCheck">
    <configuration name="CompileCheck" type="Application" factoryName="Application" temporary="true" nameIsGenerated="true">
      <option name="MAIN_CLASS_NAME" value="CompileCheck" />
      <module name="Homework2" />
      <method v="2">
        <option name="Make" enabled="true" />
      </method>
    </configuration>
    <configuration name="Examples.testLitJamEdge2" type="JUnit" factoryName="JUnit" temporary="true" nameIsGenerated="true">
      <module name="Homework2" />
      <option name="PACKAGE_NAME" value="" />
      <option name="MAIN_CLASS_NAME" value="Examples" />
      <option name="METHOD_NAME" value="testLitJamEdge2" />
      <option name="TEST_OBJECT" value="method" />
      <method v="2">
        <option name="Make" enabled="true" />
      </method>
    </configuration>
    <configuration name="Examples.testReadResultEdge1" type="JUnit" factoryName="JUnit" temporary="true" nameIsGenerated="true">
      <module name="Homework2" />
      <option name="PACKAGE_NAME" value="" />
      <option name="MAIN_CLASS_NAME" value="Examples" />
      <option name="METHOD_NAME" value="testReadResultEdge1" />
      <option name="TEST_OBJECT" value="method" />
      <method v="2">
        <option name="Make" enabled="true" />
      </method>
    </configuration>
    <configuration name="Examples.testReadResultEdge10" type="JUnit" factoryName="JUnit" temporary="true" nameIsGenerated="true">
      <module name="Homework2" />
      <option name="PACKAGE_NAME" value="" />
      <option name="MAIN_CLASS_NAME" value="Examples" />
      <option name="METHOD_NAME" value="testReadResultEdge10" />
      <option name="TEST_OBJECT" value="method" />
      <method v="2">
        <option name="Make" enabled="true" />
      </method>
    </configuration>
    <configuration name="Examples.testReadResultEdge2" type="JUnit" factoryName="JUnit" temporary="true" nameIsGenerated="true">
      <module name="Homework2" />
      <option name="PACKAGE_NAME" value="" />
      <option name="MAIN_CLASS_NAME" value="Examples" />
      <option name="METHOD_NAME" value="testReadResultEdge2" />
      <option name="TEST_OBJECT" value="method" />
      <method v="2">
        <option name="Make" enabled="true" />
      </method>
    </configuration>
    <configuration name="HW2Examples" type="JUnit" factoryName="JUnit" nameIsGenerated="true">
      <module name="Homework2" />
      <option name="PACKAGE_NAME" value="" />
      <option name="MAIN_CLASS_NAME" value="HW2Examples" />
      <option name="TEST_OBJECT" value="class" />
      <method v="2">
        <option name="Make" enabled="true" />
      </method>
    </configuration>
    <recent_temporary>
      <list>
        <item itemvalue="JUnit.Examples.testReadResultEdge1" />
        <item itemvalue="JUnit.Examples.testReadResultEdge10" />
        <item itemvalue="JUnit.Examples.testReadResultEdge2" />
        <item itemvalue="Application.CompileCheck" />
        <item itemvalue="JUnit.Examples.testLitJamEdge2" />
      </list>
    </recent_temporary>
  </component>
  <component name="SpellCheckerSettings" RuntimeDictionaries="0" Folders="0" CustomDictionaries="0" DefaultDictionary="application-level" UseSingleDictionary="true" transferred="true" />
  <component name="TaskManager">
    <task active="true" id="Default" summary="Default task">
      <changelist id="b209657c-0ded-430c-ad8b-9f805a4c617a" name="Changes" comment="" />
      <created>1668024064082</created>
      <option name="number" value="Default" />
      <option name="presentableId" value="Default" />
      <updated>1668024064082</updated>
    </task>
    <servers />
  </component>
  <component name="XSLT-Support.FileAssociations.UIState">
    <expand />
    <select />
  </component>
</project>